{
    "playerPos": {
        "x": 57.59064483642578,
        "y": -23.155426025390626,
        "z": 0.0
    },
    "playerCurrency": 18500,
    "currentDay": 2,
    "currentTimeTicks": 38400000000,
    "bagLevel": 0,
    "footwearLevel": 0,
    "gloveLevel": 0,
    "toolLevel": 0,
    "inventory": []
}